commit,author_date, profile_in, profile_out, conditional_in, conditional_out
13971692dc9c2a407128817b1fa5034aaceffbcf.txt,2016-02-24 12:32:09+00:00, 0, 0, 5, 3
f3a225f35f40917c43f77dc40437fdca711d6f43.txt,2013-11-20 17:14:46+01:00, 0, 0, 2, 0
59124d07c48e14dd231763a121f05ab577c601bb.txt,2014-03-25 16:32:06+00:00, 0, 0, 1, 1
ae095b2c1bdb24f6f67ce357653184f0ef1300d1.txt,2016-03-29 11:27:24+02:00, 0, 0, 1, 2
2c05e9f1500377becc4f71698a3d8da38851382f.txt,2013-07-06 18:38:30-07:00, 0, 0, 1, 1
d2198c417d73c0d85185aae80b6fa730cfbb51ec.txt,2014-10-21 18:28:26+02:00, 0, 0, 1, 0
ce2a2beab47ec8951ee79678ea793ff10140a0de.txt,2013-05-01 08:36:33+01:00, 0, 0, 1, 1
150a6f0f5c749367db0ffbc8fb4a579a94c62f81.txt,2016-01-13 15:00:37+00:00, 0, 0, 1, 1
b026b13c664d72566ddd5e08a647d2df2ed230f8.txt,2014-05-10 11:10:29+02:00, 0, 0, 2, 0
00961611b2b710faff3de4cc1dceec369c15417b.txt,2014-11-07 07:19:22+00:00, 0, 0, 6, 6
b1db714c2313b93cc5c6805d579990589cb2a2a6.txt,2014-01-09 16:37:45+00:00, 0, 0, 13, 0
fce48c00c78a4201504cdbdaf1b10279c3128021.txt,2013-11-20 09:10:25+00:00, 0, 0, 1, 1
6f9f335ea1ca03665a7c7f81649a931e93a6b902.txt,2014-09-12 14:19:10-05:00, 0, 0, 1, 0
a5c56ca4820c0fdeac3978b4bcc335a005628276.txt,2015-06-01 13:22:45-07:00, 0, 0, 1, 0
3a4f1f6f39380a0624e50a7d64b034dd2ef4b363.txt,2014-11-03 10:56:30+00:00, 0, 0, 3, 0
d718a803165f96d7f38335fabf6194180cc6999b.txt,2015-02-04 17:34:14+00:00, 0, 0, 1, 1
ee40fb8cf153b840836b9abcff2bb112c64cc79a.txt,2014-06-18 01:39:29+02:00, 0, 0, 2, 1
14c62436370d64e04db2fac85fcf35bfc0bed918.txt,2014-07-29 12:31:40-07:00, 0, 0, 2, 2
7a4e061de599280327f32dcd43f3e0fc8ed29be2.txt,2016-02-29 11:37:17+00:00, 0, 0, 3, 1
40ffe4169b18304e4c04bdf3db6f09d74aef405f.txt,2016-03-02 10:51:53+00:00, 0, 0, 2, 0
1e0e2e71029fb264c727e2900f3af2a0a50900a6.txt,2013-08-22 14:19:26+01:00, 0, 0, 2, 1
1e50d988abb28672991c4efa924f2cd9c7da1c88.txt,2015-09-29 17:24:14+01:00, 0, 0, 1, 1
4a6e66fe8bbd74f0526dce04d3bdbfcbe8e42bdd.txt,2014-06-06 22:24:32-07:00, 0, 0, 1, 1
6528062a492ad4a8242e2ddc18c5cd16745ca0e9.txt,2014-01-27 14:59:24+00:00, 0, 0, 1, 0
c5dc3f564b3e58305cd3623c2f58d3200dcaf9ff.txt,2015-05-23 17:37:14+01:00, 0, 0, 1, 0
c27b63b3544540c50397688a698cfde9f51dcdb1.txt,2015-06-01 13:23:47-07:00, 0, 0, 2, 0
34420a8768a1d66266c35753f2d350a26f6c63b3.txt,2016-05-05 17:33:18+01:00, 0, 0, 4, 0
49697c7ad76a68d985131b5e9b29c11a70c4729c.txt,2014-06-05 10:15:45+02:00, 0, 0, 1, 1
61a94f212de001a323e7eb7de3a19709412752c9.txt,2013-05-02 16:18:21+01:00, 0, 0, 2, 0
5e3cc95ccff09b7d10e176ad355e1c029ecd9d97.txt,2014-05-29 13:20:20+01:00, 0, 0, 2, 4
2ddf322a65390b29799388cd8ed9e1ea517b8ea2.txt,2014-06-16 17:28:59+01:00, 0, 0, 1, 0
7787b2ef6a2b8f01319beec08bddc137a2756ec3.txt,2014-05-19 16:06:45+01:00, 0, 0, 6, 3
aa2b020660fae78b0db90f9fbcd2fed9d3311c16.txt,2013-12-06 16:10:50+00:00, 0, 0, 8, 1
11149443e3677ac3164ce13528ce09c3e4d9c07e.txt,2013-11-14 14:55:03+00:00, 0, 0, 1, 0
317364663582d23c509e73ac408183afe6b79ec1.txt,2014-04-25 10:57:12+01:00, 0, 0, 4, 3
0bf025af7b4e801d4c3b38fdcc26cff1648de687.txt,2016-04-29 10:36:34-07:00, 0, 0, 3, 1
fe1f344ae889ad5f291f2943426d7f5190d27a32.txt,2015-06-01 13:23:17-07:00, 0, 0, 2, 0
c2a3ccde3e6828913a8d2b0f0c65b91ffacd00a5.txt,2014-11-09 12:58:26+01:00, 0, 0, 2, 0
0498617411811c16ae99890d185023e8fb348188.txt,2013-10-23 10:23:51-04:00, 0, 0, 2, 0
d0cf6b534bf55b718ea8bf0f2e311a974f523e1b.txt,2015-07-13 13:33:30+01:00, 0, 0, 1, 0
ff870de0f0bc96d3e82a78560c030100b7ff9385.txt,2014-08-27 09:24:45-07:00, 0, 0, 1, 1
ad53f09ed484619090350624d508dd5591f0e8d4.txt,2016-03-07 13:19:22+01:00, 0, 0, 1, 0
a0e51d06ea2a3aa7a171b996652c6a004d84fafb.txt,2013-05-09 12:37:23+01:00, 0, 0, 2, 0
d39a8360b77a26086613eb067f7043a04ea5025a.txt,2013-12-28 13:34:45+01:00, 0, 0, 3, 0
0490fbc7f85b1881f038dd9a1bd6240e06b43d1b.txt,2016-03-01 19:01:11+01:00, 0, 0, 0, 2
00fc04c01ee16d159f941ff68320fb3ffff5b359.txt,2013-08-09 11:19:33-07:00, 0, 0, 1, 1
182754a5823814dfc8baaf676ec70205601c5aa6.txt,2015-03-16 17:37:41-07:00, 0, 0, 2, 2
aca47ab67e2af226c4e9dfe9e611d05c08bd3dad.txt,2015-02-04 17:58:17+00:00, 0, 0, 1, 0
d98bfdea3763a674fb7d1c73dee0c46abbe1a589.txt,2014-02-24 11:32:27+00:00, 0, 0, 1, 0
e695e5d637c3ae8317f4340781294aa060e413c2.txt,2014-05-15 16:18:16+02:00, 0, 0, 2, 3
31d6a0f17a66e5342b9d2337cffdbcd3c6f2b6cd.txt,2015-06-04 00:44:19-07:00, 0, 0, 1, 1
d2fed8bb0758afd77834cb50f34617f899a347c9.txt,2016-01-13 09:02:19+00:00, 0, 0, 1, 1
e8e59ea65752f1b6c72dc25e2945108ec6cf2877.txt,2014-04-22 00:36:26+05:18, 0, 0, 3, 2
a8d099f6b8fedfeab622b9d4be3230bc842d0b3b.txt,2015-04-16 12:32:06-07:00, 0, 0, 0, 1
7410eee34f01da6d04087bf5f058c77ad85818e1.txt,2015-07-08 15:59:03+01:00, 0, 0, 1, 0
d7d77f3d06c520df65d8f7877b4d161619eba746.txt,2014-06-06 19:03:33+02:00, 0, 0, 6, 0
6e29ee4557f3c77dfe0cb46728f6723453d2b4bc.txt,2015-09-05 10:38:30-07:00, 0, 0, 1, 1
0f738be11477cef24295a2acd5b99119f54fd784.txt,2014-05-04 10:52:09+02:00, 0, 0, 1, 0
cb1b3481beac8280ab55898ed535cf08bbc80b28.txt,2014-05-01 11:46:27+01:00, 0, 0, 6, 1
9dec27e7bf921a0d5ad3b1d64486a4bff92c1df0.txt,2014-11-04 14:43:49+01:00, 0, 0, 1, 0
ef5c8aa30433654b01dd62bbd088cb09dd0d315a.txt,2013-05-10 11:51:21+01:00, 0, 0, 1, 0
a19eeaf91d958c57d5237693e83d2e538b1f2078.txt,2016-04-19 11:26:37+01:00, 0, 0, 0, 2
f304d46955846f1548c388acd4192a46b401e828.txt,2014-11-03 13:28:26+00:00, 0, 0, 3, 0
c8a48914417bc84a88bde2f0f0c9d11c61bc5ff4.txt,2014-08-05 09:42:44+02:00, 0, 0, 1, 1
261955c50b8fb44311324d2188bf6e3f92237e0c.txt,2013-07-05 16:44:24-07:00, 0, 0, 2, 0
1df48e23a22b0deaa5a5877b1932672153881e50.txt,2013-07-24 21:58:17+01:00, 0, 0, 1, 1
2f2750e713e71095bf022f4e5c29cba2a0aa9ed7.txt,2015-05-11 11:52:10+01:00, 0, 0, 0, 1
e0c3dd79f9ae85821155cff3ba241b0c05ef8af3.txt,2014-08-14 21:02:35-07:00, 0, 0, 2, 0
02a8a9c07bda69a6acf5b899e8dade02566b4005.txt,2014-09-05 14:51:51+02:00, 0, 0, 2, 0
bedf2edffa2e839c90e95158fef500b69702dc62.txt,2015-07-15 17:05:54+01:00, 0, 0, 3, 3
969c7d6fa188bd9e60cb2be837c1832eb0b5a66c.txt,2013-05-31 16:16:19+01:00, 0, 0, 1, 1
5a1e66b3d620c49c9e1ad9f0ac4244444c4ea892.txt,2015-06-30 12:32:29+01:00, 0, 0, 1, 1
e06198e9cbf49312a7c1b3949a7508354705983a.txt,2015-11-06 13:21:53-08:00, 0, 0, 1, 1
b8106ae773c09cb7454cf9988fa494567d503f36.txt,2015-05-22 16:10:43+02:00, 0, 0, 1, 1
094f7aa20e4fb5c752fbdddb47f8cb70bb721f53.txt,2016-02-22 14:28:34+01:00, 0, 0, 3, 0
8622e5db20bf7afb839b4b6550750426ed92e7b6.txt,2015-02-19 10:32:41+00:00, 0, 0, 1, 0
8e0b3dd00a5960ff80b52f3f916d08f91e9961c6.txt,2014-07-28 23:17:34-07:00, 0, 0, 14, 11
1f922f49b0be938664777e18ee37504acaf61613.txt,2013-11-07 12:47:50+01:00, 0, 0, 5, 5
4ee6a90edd9fe579c9e2ddf2b68d436031aeba92.txt,2013-06-07 13:29:35+01:00, 0, 0, 2, 0
58751a43c1fef149f836610316174ac6ab963373.txt,2016-01-26 14:59:38+01:00, 0, 0, 1, 1
64af3272a16c4859892405642b604e4fa5c8cca4.txt,2015-05-12 18:01:34+01:00, 0, 0, 0, 2
c4223d645dd6d78a2cebdccda069fa319a85deca.txt,2013-08-29 12:02:54+01:00, 0, 0, 1, 2
2098e23fca3858e218f055373665fb1cf2188fdc.txt,2013-07-26 11:50:02+01:00, 0, 0, 0, 1
767aa43e315fe6448aae554d5f3e219c329611e2.txt,2013-08-21 15:40:47+01:00, 0, 0, 0, 1
f006b1231c6bfbae9286a062d4b4629a385cd166.txt,2014-05-22 18:04:13-05:00, 0, 0, 4, 0
917723a88380f2d6d3ff1f98c92363bd5970eed4.txt,2014-12-16 11:30:43-08:00, 0, 0, 1, 1
b72002142df3fbc46ae85200659088c668656734.txt,2013-12-16 15:28:26+00:00, 0, 0, 0, 5
1cbef022360a88f8cd45b838c2d615a8450465f9.txt,2014-04-28 21:00:07+02:00, 0, 0, 2, 0
728b4887c12a4bb2ef63a7f0a118708ac08f2c0b.txt,2013-05-15 16:13:23+01:00, 0, 0, 1, 1
8d5f26f6bd0e273649ccf2d4a37308317c0c4612.txt,2014-09-30 15:08:58+01:00, 0, 0, 1, 1
4b51b6f9dfc9d59c3ccc8ad4b0b638ee68cda8fa.txt,2014-05-10 00:08:38+01:00, 0, 0, 2, 0
e96f75fdc1053da344348f7be8d32130b24d21c2.txt,2014-12-12 11:53:26+01:00, 0, 0, 2, 0
339f3b7bf0a04731e6624e5eec2a900cb28a0cde.txt,2014-10-02 10:32:55+01:00, 0, 0, 5, 0
47f60684e3406911855713bccecaf1c8246f2208.txt,2013-05-02 18:07:53+01:00, 0, 0, 1, 0
0c387a82b7acb85d34a09f532906e3e709fd42b8.txt,2015-11-23 10:41:56+01:00, 0, 0, 1, 0
fd6d61e8b4901e398717d59cf6a57eb250368862.txt,2015-05-20 17:06:53+01:00, 0, 0, 4, 0
5541b3be43c3d352807cbf577aa0886fdc350364.txt,2015-07-01 09:06:54+01:00, 0, 0, 0, 1
e059d0cd5f7dbdb6badb9e46492b1b02afa3e96c.txt,2014-03-25 17:03:10+00:00, 0, 0, 0, 5
3bc37ddde0053aea656d918d55244713e729d155.txt,2014-03-04 15:50:59+00:00, 0, 0, 1, 3
54e12a07e6d7d8e38982a7c398ef76a0283e7e8d.txt,2015-03-12 08:31:21+01:00, 0, 0, 1, 0
e0dfe9fb8635d5558a5839891f2f34d803c1d325.txt,2015-03-12 08:31:21+01:00, 0, 0, 1, 0
4b1c58d736eb47f2a56ca2c7d04298a66c740f94.txt,2013-06-14 21:40:35-04:00, 0, 0, 1, 0
e0787cbaf0fd9b125cc56aefc67fb5bc98a94ed3.txt,2015-06-10 11:28:47+02:00, 0, 0, 1, 1
b931cce386bec52abcb6db80b6c73994dba8274e.txt,2013-12-11 21:30:56+01:00, 0, 0, 3, 0
ab121dc91b11ef4e947646f3dca99355b9f866fc.txt,2013-05-18 16:18:34+01:00, 0, 0, 3, 0
219317e8c772ffefd48f9a79045c7fb574565c46.txt,2015-03-25 17:22:30+00:00, 0, 0, 1, 1
94dd510b52dcdc7779d1e55d03b45be903bd7145.txt,2014-04-25 13:41:09+01:00, 0, 0, 0, 3
60b8cb8a47235e874191510bec29050bb9dbded3.txt,2015-09-03 14:19:43-07:00, 0, 0, 0, 0
a80ada64c3735155ecd46ba78f7f38359e456a0b.txt,2016-02-03 12:16:53-08:00, 0, 0, 4, 4
ae7098ae1d8ed13bed52f67f30612e7ecf39d618.txt,2014-04-03 10:35:27-05:00, 0, 0, 3, 0
c501b889af0483b1c73c6ea0a5793c729ab4d6bd.txt,2014-11-14 11:20:14+03:00, 0, 0, 2, 0
30ac768cbfca5d6aaa3719028033c792da789853.txt,2014-05-12 17:19:51+01:00, 0, 0, 1, 0
2adf30950ec73a967f837a54b17bd7cc764105e8.txt,2014-04-25 15:23:03+01:00, 0, 0, 2, 2
f4e12e96c69848cd3840964a41040cc15d7defe9.txt,2014-12-17 17:09:57+00:00, 0, 0, 1, 1
7dd186aa40449f347320992d5f9cddf4225a428d.txt,2013-07-17 12:25:54+01:00, 0, 0, 1, 1
b1b3fc6639ee9d208d3350e0f4ab6e41efe277ea.txt,2015-11-09 20:00:40-08:00, 0, 0, 1, 1
28edc95f18a864285cc8ec4ef46c01347a190650.txt,2015-07-13 17:27:02+01:00, 0, 0, 1, 0
68e33b25c1cba2ef993f0115727b9eb5bf38779e.txt,2014-04-17 23:59:36+02:00, 0, 0, 2, 0
c219f5e57fd3992fc6047c6ea608be2c4951e206.txt,2015-11-12 17:17:28-05:00, 0, 0, 1, 0
345c0fc5a490cc792559eab4c42cbc2e7739e729.txt,2013-09-20 14:35:42+01:00, 0, 0, 1, 0
11b82cc6feeeff4252bc0a75403560c64bdc5a3f.txt,2015-08-17 10:05:52+02:00, 0, 0, 1, 0
28cb13c31d3a33c5c728d8db0aa525f16e9330f8.txt,2015-05-29 22:22:41-05:00, 0, 0, 3, 1
d9f4d6ce912deea0bd064c9bb977bfa7973d5d01.txt,2016-02-29 15:48:46+01:00, 0, 0, 1, 1
c236db04ef4c66342f22e44441432cd36b509990.txt,2015-10-16 11:07:39+01:00, 0, 0, 1, 1
9094706f6a113a7ae7fdf15fba9571489db87d17.txt,2015-03-10 13:37:37+01:00, 0, 0, 1, 1
dc18d8d1bbd8c8cda8ce1880cdd6791e6b1c082a.txt,2015-07-13 10:17:53-07:00, 0, 0, 1, 1
c144cae600fc9d8d826e098c28af0e06fb28c530.txt,2013-11-05 12:20:09+00:00, 0, 0, 1, 1
48800f18189a082f09f9a474ceeeabee70f15f99.txt,2016-04-06 15:26:27-07:00, 0, 0, 1, 1
24fd4a1c7fba2175582151ec00c652ea88137c8d.txt,2015-02-24 13:34:45-08:00, 0, 0, 1, 1
11a093bdc08fa94dd7d380faa4f97731ad1faa6a.txt,2014-05-30 00:31:11+01:00, 0, 0, 1, 1
4a60e3ccf6a7d91a6eeff61d07a478678832be26.txt,2013-11-29 17:20:30+00:00, 0, 0, 1, 0
f2351f1ece80cea64f1a88c5294bb0fd07cbc4b2.txt,2014-06-06 23:12:41-05:00, 0, 0, 6, 0
14d52b6c1819c16db3e76c2634a5aba6aaa139a5.txt,2014-03-12 09:19:00+00:00, 0, 0, 1, 0
ee7c86a07ddcb6b973ea4557ccdcf01cdd78767a.txt,2015-04-27 13:47:42+01:00, 0, 0, 1, 1
670ba33bec4b0e578e6e113fed5b0b2890807472.txt,2014-11-20 14:47:40-08:00, 0, 0, 2, 0
018231d20a291587dc17c2be3c9f0d13c450bcb0.txt,2013-06-17 10:29:44-07:00, 0, 0, 1, 1
f4ccaa874ab95973f16ab14df2d23b61bd48d5a4.txt,2014-08-25 19:45:50+08:00, 0, 0, 2, 0
0fc54b7c5ba3dea522515fc711168ecde4714c58.txt,2015-03-31 09:22:29+02:00, 0, 0, 3, 0
53f67a448f8ef7a47ca5c472c26e1c1a1ef19359.txt,2014-10-02 12:13:01-05:00, 0, 0, 6, 0
997b015d108ef4330e30bb673ce4fb27e9b25e5a.txt,2013-12-17 17:15:05+00:00, 0, 0, 6, 1
640b9d2680739915e2eb87d5d468bdd0c621832a.txt,2013-11-18 10:54:33+00:00, 0, 0, 4, 0
3536fc68f507b113c04e9eb5df6dd7c192e06a86.txt,2013-06-12 12:20:52-07:00, 0, 0, 3, 0
3d4a9d9c849c56076620b0779f3cf0a06bba768d.txt,2016-03-18 10:01:45+01:00, 0, 0, 0, 2
31874090b8e9b55ff6edfefdaac889a1a5188825.txt,2014-10-20 10:14:53+01:00, 0, 0, 1, 1
fd53cbf2f3cb2b8314982dc6c089a8edee662a2e.txt,2015-10-05 13:36:20+01:00, 0, 0, 2, 0
45c8eca4f26805d2720c9bd3594a33a40015b619.txt,2014-08-14 21:35:04-07:00, 0, 0, 1, 0
83f842a22617ff216ec247104567675aa5f9e38b.txt,2015-04-08 10:44:50+01:00, 0, 0, 5, 4
4cf9e0457f271aa2de6cdf2a6cc27a1bcb011e5b.txt,2014-10-09 16:02:10+01:00, 0, 0, 2, 0
fd437797b6c44a6dd77bd74d3729838ab7769b35.txt,2016-03-22 16:03:14+01:00, 0, 0, 4, 0
e2119d33293008fcc876f5fcd58ede2993eb24d6.txt,2015-08-22 17:02:54+09:00, 0, 0, 9, 9
033823f49371ba941f53e1a9d47e9745866246fc.txt,2015-10-13 19:19:57+09:00, 0, 0, 1, 0
c7c685f65fcf5cfa4219060a71ad6f654c187a96.txt,2015-12-16 10:58:54+00:00, 0, 0, 1, 0
efb699de608fa53a41fdf98229348d9c6e3cea47.txt,2015-09-15 13:03:34+09:00, 0, 0, 1, 3
376d6fb9bccdfa69ed7fb91d0a987cbae8cdfb6e.txt,2014-06-07 13:26:03+01:00, 0, 0, 1, 0
5249f54c5a3253c30132d80cf715c9a734db7409.txt,2014-05-13 15:40:55+01:00, 0, 0, 1, 5
7e579d3652348bced7a3cf463b3c89089aebadf9.txt,2013-07-05 12:03:58+01:00, 0, 0, 1, 0
34772e4177d5c4019b24daeb0a18c3403b72bf91.txt,2015-08-27 11:11:38-05:00, 0, 0, 2, 0
b205e02e3359f9230f0f3c96cfffe0d5bd7e5932.txt,2016-02-15 14:22:40+01:00, 0, 0, 1, 1
6902f2ac97e49bb061dd89d7bc15e70ac454a625.txt,2014-06-07 14:30:33+01:00, 0, 0, 0, 1
6c4ee0b05d67aa65c2cfe5b20c6509d2a8fc58ec.txt,2013-12-23 12:28:24+00:00, 0, 0, 5, 1
f21151e59478669e96c969e5bcdff1c0eceefce1.txt,2014-05-23 11:36:14+01:00, 0, 0, 1, 1
fbeb8c966cf37fcc267ea061eb4a1823ff667c29.txt,2014-08-18 14:57:32+01:00, 0, 0, 1, 1
109c3a343963ed4c861d775ce571d49c5b0639f2.txt,2014-11-11 11:57:36+01:00, 0, 0, 3, 0
70031cca66072790f8f808fef708ec6a6ce7d82e.txt,2015-08-10 12:59:21+02:00, 0, 0, 2, 0
eb10275f5a3734b718ec018d8d5f4cdc1152008c.txt,2015-07-06 14:38:28+02:00, 0, 0, 9, 4
0b4e2b3667a03a18632da20d9fe9d6b2801d821c.txt,2014-05-15 16:27:52+01:00, 0, 0, 1, 1
bf0629522ca3f33222b454dfa020f75eac1a2d09.txt,2014-11-20 17:21:25-08:00, 0, 0, 1, 0
b6cd2c970ccb0b006c20f1411514f72985733405.txt,2014-04-28 11:49:28+01:00, 0, 0, 1, 2
34d87df42515a8789c4588aaf756f45bcd848769.txt,2016-01-28 16:02:15+01:00, 0, 0, 1, 1
b2c3e7e2ed5def3d4e3ddd74b7b14fa16272b2bf.txt,2015-10-01 09:56:10+02:00, 0, 0, 1, 1
b63016d8fcb4703400ea864555f9ec9901acef20.txt,2013-11-01 23:01:54-05:00, 0, 0, 2, 0
0540cecbd475544d5f8002d4ff26799be55afe17.txt,2014-05-01 13:40:22+01:00, 0, 0, 1, 2
c68ffa5ba059781ab2c0fb21eed7a541036e837d.txt,2015-11-23 23:38:32-05:00, 0, 0, 3, 0
d06d202fd095d07ff48a8f7e8c68cd7477f56490.txt,2013-09-11 05:14:49-07:00, 0, 0, 4, 0
74e9e0749bcd54053a6a4afc534209060a3ae294.txt,2015-07-01 18:36:21+01:00, 0, 0, 14, 0
8c9b7bd406682fec35bca9bbbf321ee366347796.txt,2013-11-28 14:20:26+00:00, 0, 0, 1, 1
f78f836fc0515158479f8db52e64700746804ac0.txt,2014-04-19 16:48:56+02:00, 0, 0, 2, 0
0b70710bbc42a1576ae3309c45f4676a93d6c60c.txt,2016-04-29 14:36:27+02:00, 0, 0, 1, 0
c98713ba952c1d8bbc239af0ae6e9d9d8b03c16e.txt,2014-08-25 14:01:13-07:00, 0, 0, 0, 3
328e07ebf376bf14a7619b2e892b2a3cc2086ac7.txt,2015-06-02 15:02:29+02:00, 0, 0, 2, 2
8590950d70c4e607d89440382e453a16e37a27f3.txt,2015-06-08 13:24:03+01:00, 0, 0, 0, 4
52e0193d9534e4b20d386b9adff9d5c944151685.txt,2013-09-27 10:17:21-04:00, 0, 0, 1, 1
1b3efd41f5a617b176fc278ac290b6d0dbe82f5e.txt,2015-05-08 17:47:00+09:00, 0, 0, 3, 0
a08b09563bb8d01d6d9dae492a95b32327cce78d.txt,2015-04-11 16:17:30+02:00, 0, 0, 6, 0
a27176807f4b45bc768e019d9a0dab1ac8ec3dec.txt,2016-02-08 15:34:22+01:00, 0, 0, 1, 0
30bef1e95ec0037855535f84148f8beaa657e0b5.txt,2014-06-06 12:04:39+02:00, 0, 0, 3, 0
cb2ad7fb87d445cda26105c750ad61f9c924bb2b.txt,2016-03-22 11:43:58+01:00, 0, 0, 1, 0
29cb21c3223503170a342e3d9a1a3f6ed773fe96.txt,2014-05-30 15:08:59+01:00, 0, 0, 1, 0
dca637f51fa3d1ff99a03590b1ed232a92a72888.txt,2014-10-10 11:12:04-07:00, 0, 0, 1, 1
840fdeb50ffce95574a3f291dccae934c0e9119c.txt,2013-08-14 17:08:09-07:00, 0, 0, 1, 1
201fb5e534a7fa7c32460cadf63d254496c2e687.txt,2015-02-12 15:53:53+00:00, 0, 0, 1, 0
caf1aab9db8f40d325b86d41de837e3ebae8def6.txt,2013-05-21 09:51:49+01:00, 0, 0, 2, 0
e67f2e29830846fe464db0c41c1772e509aee2d9.txt,2016-03-07 13:02:43+01:00, 0, 0, 4, 0
8e0a94f1d708ba614e06b8e52cfb2f7d14ea94de.txt,2015-10-13 10:54:15+02:00, 0, 0, 2, 0
59692cd93832df444942594efef2059630c9536f.txt,2015-04-06 18:03:59-07:00, 0, 0, 1, 1
c0305ecbbb7e036a3a52e543f0f04c891f767115.txt,2014-06-26 09:48:15+01:00, 0, 0, 1, 0
120ad56a5c21fdfe628e90a63ae09c77be27457e.txt,2014-07-17 11:50:13+02:00, 0, 0, 1, 1
05ea2d77efc133d06a7ac5466a9cabb8466f4d02.txt,2015-06-01 13:23:41-07:00, 0, 0, 1, 0
7e771bb655811d0ccc83fa138b4a0f8430df2a9c.txt,2015-01-02 13:46:50-08:00, 0, 0, 1, 1
eddc6b31f1b560c12419dae42df9293d6d47fc52.txt,2014-06-15 09:24:14-07:00, 0, 0, 2, 0
a7b3a913c2685d36f52559416a81c5bd6b2787ea.txt,2016-04-09 21:20:29+02:00, 0, 0, 3, 0
36130b27e1ca77c4a2f398e7d7f2f2570a3e98c7.txt,2014-06-10 09:13:19+01:00, 0, 0, 1, 0
6443800038665209ab0760497118f0f902408d25.txt,2013-12-09 16:17:53+00:00, 0, 0, 0, 1
2543ef7072d14456af073bacfaafcf43fd4a147e.txt,2013-12-09 09:48:40+00:00, 0, 0, 1, 1
789e75d2e51dca38d386c0f5fb7687c7637ea7be.txt,2013-07-15 09:59:14+01:00, 0, 0, 1, 0
451acb5679dd95e19bd3b9e7318ee09082956a37.txt,2013-12-18 14:37:30+00:00, 0, 0, 0, 1
623fcfeff1d202ed4990b3e15da088a0023fc0c7.txt,2015-09-30 14:36:39+02:00, 0, 0, 2, 2
4d27458fee628b3846601ba03e84dbe793bbfc0e.txt,2014-09-04 10:41:32-07:00, 0, 0, 0, 1
4293b7b79709a1c54b4b8c226fb13cc6f3bebadb.txt,2014-12-15 04:52:10-08:00, 0, 0, 1, 1
57a698f388929911aa8891299928d15613a9f411.txt,2015-09-25 23:32:03-07:00, 0, 0, 1, 1
cd1a228210486963bb876b213115c7f42198333b.txt,2013-12-18 19:03:15+01:00, 0, 0, 1, 0
270809783c43b9c76ea9dda9782cf56ba46bed74.txt,2014-07-17 11:07:53+02:00, 0, 0, 0, 6
db05637e064bca4248f18a5a63662936b85e718b.txt,2013-06-20 14:32:49-04:00, 0, 0, 2, 1
191894a16affe86dbc49c2ad44e625b17d5f2399.txt,2013-09-11 07:48:59-07:00, 0, 0, 3, 0
6dd84159f5273ff14b1697f51ab12d03f0027b94.txt,2016-03-29 15:26:38+02:00, 0, 0, 1, 1
e17769fc2fb0376121043522438470eac18119c1.txt,2014-09-01 10:40:16-07:00, 0, 0, 1, 1
7568af171068b658dc312a7b59fa213e186760ce.txt,2015-08-03 13:37:59-03:00, 0, 0, 1, 0
da3b49e0247e85dbb10eda2b6b45e10de26f0dbd.txt,2016-02-15 20:25:12+01:00, 0, 0, 5, 1
9bbde5b340eb2b43e4528cb96ee70b40951d4da1.txt,2016-03-08 08:57:47+01:00, 0, 0, 2, 1
0af9d2022a8e9781a312e37377fe574feb29fc7d.txt,2013-08-12 10:32:49+01:00, 0, 0, 1, 1
19d8c5e6f649987a54f4d1834de57b6dfb18b969.txt,2016-03-23 14:15:40+00:00, 0, 0, 2, 2
bcae284dd9343be846d7e13ef4792afb0aedbf54.txt,2013-12-05 08:46:20+00:00, 0, 0, 1, 1
1ef3327441c22c124b60e994097057cf43684edb.txt,2016-04-26 08:59:41+02:00, 0, 0, 1, 1
c68e5f12ff452f5fd3d15ec1eb2eb1e73c585150.txt,2016-03-25 11:29:10-07:00, 0, 0, 1, 1
3562026e9a2aa6a970b2acf83bb7632a151a6b97.txt,2016-01-26 15:18:32+01:00, 0, 0, 1, 1
f94e8bd28797291ff2974a6de8c04858630323e5.txt,2016-02-22 17:29:37+00:00, 0, 0, 1, 1
9b78f5d52e10fd1a7dbcab527690476ce75188b9.txt,2015-07-07 16:27:30-07:00, 0, 0, 1, 1
b8b948d3665f9888c44790071c1c310261a6150b.txt,2014-01-09 17:52:55+01:00, 0, 0, 1, 1
c2b499c775eab885478cfa9e6dee6e3c0e12d27e.txt,2013-12-14 21:53:06+00:00, 0, 0, 5, 0
4968900b1d4feee9c93ebccb90227436a35d59cc.txt,2015-10-08 16:19:56+01:00, 0, 0, 1, 1
39a94428d32cc613966ca394ffdb442ef1fb49c2.txt,2014-06-09 09:36:00+01:00, 0, 0, 2, 1
7d5cc3da63010a86ae3ad212643d8111a2f370f4.txt,2015-12-14 16:24:43+00:00, 0, 0, 3, 0
4b9f14f55b8252fee70e00617979de0bf06737c5.txt,2014-10-13 14:55:02+01:00, 0, 0, 3, 0
b569918db1c33847ce1d1464d7d78f692f289e99.txt,2015-07-28 16:27:56+02:00, 0, 0, 9, 9
bcf86b320e0600dc889aba0287a74d4a48489132.txt,2013-04-26 07:01:37+01:00, 0, 0, 2, 0
2d992c13245f0854f493846ee77e96fd07da48bc.txt,2016-04-11 09:59:16-07:00, 0, 0, 1, 1
8a5f151e4797d5b5adfcb182c1450f4e78037e58.txt,2014-12-10 18:14:58+00:00, 0, 0, 1, 0
97178915a429aeb66fef827ce189a060d5dfb79d.txt,2014-10-08 17:02:07+01:00, 0, 0, 2, 0
d089685935a8200a4b1b2676a29707e09526400b.txt,2014-08-11 11:52:24+02:00, 0, 0, 5, 0
0a730beb2a518a1ffc9bb363f25de239331e2336.txt,2013-05-02 11:35:36+01:00, 0, 0, 1, 1
770c115d885dfea4d300b1187fdbed3167a58fa5.txt,2014-03-24 15:23:43+00:00, 0, 0, 2, 0
d6718025e622cc34951079b7ea65231a7c3b0456.txt,2014-06-04 17:09:32+02:00, 0, 0, 1, 0
89fe0794a9a53efa80f6c9aacdc0d9f5c97da0a9.txt,2015-10-19 15:53:58-07:00, 0, 0, 1, 1
9eb71c157a17e00686c38ed8541c9c5156878e38.txt,2014-01-30 09:00:40+00:00, 0, 0, 0, 1
809a5a711fd8784081554e187f4294054e6165e3.txt,2014-03-25 12:16:31+00:00, 0, 0, 5, 0
a8f4708ffb50066a9a1a032d6c5ac65443c7ff0b.txt,2016-02-11 15:55:25+00:00, 0, 0, 1, 0
bdf7663a9a9d76b6f1e192a5b73ba035d5283d68.txt,2015-06-01 13:24:01-07:00, 0, 0, 3, 0
c713c8091d05307ae233380832a63fa9666136b4.txt,2014-06-23 19:41:22-07:00, 0, 0, 2, 2
ce2346b0878ca2a0ff77922206a1a60149aed46e.txt,2015-12-10 15:37:10+01:00, 0, 0, 1, 1
03b109a2c8fd01d3ed2c922fdaef93fe1bdba39c.txt,2015-04-09 10:08:20+01:00, 0, 0, 3, 0
e8fcb0c875f845f140a95454d0895e1c46a8700e.txt,2014-06-10 17:37:42+01:00, 0, 0, 1, 1
8c347fc99be62e0f8ce6413d0e830f901bc1e97b.txt,2013-06-12 14:00:22-07:00, 0, 0, 0, 3
f84df423e8dc59e9dce68def4d0494939ed2d328.txt,2013-11-01 15:07:02+00:00, 0, 0, 1, 0
12cefd2c2b926103340e2245f16fb4930681f955.txt,2015-12-28 13:49:12+01:00, 0, 0, 1, 0
58db5a3889a9335b36c4902690615104731c6be1.txt,2015-08-06 15:56:06+01:00, 0, 0, 3, 5
4b55144d80388e43999201ff1b071bbf5b1b8884.txt,2016-02-19 15:54:59-08:00, 0, 0, 1, 1
d260fa645644e67e0bdfe38f3091a68a2c618e79.txt,2013-07-10 11:10:15+01:00, 0, 0, 2, 2
3789424f22efe2847c547705b1beb6dc9d0f342c.txt,2013-12-17 14:22:18+00:00, 0, 0, 1, 1
f7221be7c95a093085ca77df68de43fa0dcd886a.txt,2015-02-25 11:36:28-08:00, 0, 0, 1, 1
239d19d38cf753a25c04f9d6a31f6a5f1900cca3.txt,2014-08-25 13:12:52-07:00, 0, 0, 2, 0
b2fcd77d935125a77957a875beb5962d898df73d.txt,2015-07-07 14:07:32-07:00, 0, 0, 1, 1
a700ed44797643076b15b0e87f1989fe52a8be36.txt,2013-05-22 13:06:14+01:00, 0, 0, 0, 2
e8085016bafe7091d6e69ddacca1be5cee0cf53d.txt,2015-07-05 20:06:44-07:00, 0, 0, 0, 0
08d8cb8efd77b7e14735074a2cd213146475275a.txt,2014-02-24 13:34:07+00:00, 0, 0, 2, 0
8bebe6dea9f02ace2d8f8357ec7d0a954488a6c4.txt,2015-07-14 19:42:34+02:00, 0, 0, 2, 0
6b83e0ad5de5f127cad5b12ab1738923c4a58a9f.txt,2014-03-05 08:56:53+00:00, 0, 0, 1, 1
f12b3fbcd7d0d7f9a2073b4e26c03a4fed49a57c.txt,2013-05-31 13:58:04+01:00, 0, 0, 2, 0
9453a6324a32f61eb9668e81c8ff16f66261b21b.txt,2014-03-07 02:38:08-08:00, 0, 0, 5, 5
3dc932db888d4b8da0a0c47a593e328dfbc28811.txt,2014-06-12 18:41:13+02:00, 0, 0, 3, 0
41cbbeba79c80bee5dfae8a2d9c25cc99d68d1d9.txt,2013-11-18 17:42:50+01:00, 0, 0, 4, 0
2f7214002dff9503f33a2f3ec20c36e069dbea2d.txt,2013-11-17 07:59:03+00:00, 0, 0, 1, 1
ec0e9b17add9bef60b2321458a56011f674de406.txt,2013-04-30 17:36:55+01:00, 0, 0, 2, 1
de95012635460ec40b9783ea9c501aa0b7157564.txt,2015-07-14 17:12:52+01:00, 0, 0, 1, 0
6825a7b42ec43ae5d5443380d191b5f58ad316e8.txt,2014-07-28 16:04:02-07:00, 0, 0, 1, 1
721b5a2395322b7c13a1361296361d26118dd6d3.txt,2015-08-26 17:44:50+02:00, 0, 0, 2, 2
941d163709060d837becb21879e7d802ae4038a6.txt,2013-09-25 10:31:03-05:00, 0, 0, 5, 0
961350735b1b3986add11a65774e0be171c21066.txt,2015-06-15 12:06:10+02:00, 0, 0, 2, 0
2b54b6286f5fc5ffb1b9b83c9aad4f44402fdd62.txt,2013-08-22 02:13:15-07:00, 0, 0, 0, 0
0862ad7f5286e189d8f40a37be195823af515e92.txt,2015-10-20 15:28:24+01:00, 0, 0, 0, 1
ea4061fe994f3fcdce5b8c5dbe16614c84f40224.txt,2015-01-22 14:00:32-05:00, 0, 0, 3, 0
cf4df1befb9dd562d8a9a2ffd51fa7d136e56e9f.txt,2014-02-05 12:20:23+01:00, 0, 0, 1, 0
90af8bf54a6f5b0902946493d86e4111d2694632.txt,2014-11-19 14:40:05+00:00, 0, 0, 5, 2
5188ee526657dd70f640615640169d95a48d55b1.txt,2014-02-05 17:52:25-08:00, 0, 0, 2, 0
f5b973a242e435987a4cdb1c20d7afff6ddb41c6.txt,2016-01-15 17:44:04+00:00, 0, 0, 1, 1
de8a2a71d0146dd7be60475e5602deec401179b8.txt,2014-10-02 10:27:21+01:00, 0, 0, 2, 0
3b858edfa9edb2a439aeeebbcf8f460c31d3f888.txt,2014-12-11 10:24:24+01:00, 0, 0, 2, 0
28f32da74f095c79643a7df560a86c36461a0cca.txt,2015-08-05 22:17:29-07:00, 0, 0, 1, 4
0b863611d9563d6a41ebe219925e68be407e501a.txt,2013-07-08 13:39:03-07:00, 0, 0, 1, 1
8c140092b66be7ac6b5433b8fcb6beedd36dbb73.txt,2015-11-03 10:14:39+01:00, 0, 0, 1, 1
6a227a2298c309777f8333c731fc165a7affae79.txt,2013-08-27 10:58:12-07:00, 0, 0, 0, 2
18d7634947a1f7d89c0cb74795a95f4f4623ea2e.txt,2015-06-01 17:41:59+02:00, 0, 0, 1, 0
1da918f388cf0613ec6a84cb3b90ad4e16852915.txt,2014-12-19 14:01:19-08:00, 0, 0, 1, 1
fc4aabde7556cdefcea54505139a5cd6bcc3b22e.txt,2014-02-14 18:50:36+00:00, 0, 0, 1, 0
6ed69709d7d34087a7a37c97840081619fe14571.txt,2014-04-28 07:45:19+02:00, 0, 0, 2, 0
b05ffd1164c24e8e0dcd9159f69532700aebb9a5.txt,2013-12-12 16:04:20+00:00, 0, 0, 1, 0
778aa3901615f1dce04a698e1eef81c08be71c68.txt,2014-12-03 15:35:19-08:00, 0, 0, 2, 0
8f32b87c817777dbace6075e69133a88630698e1.txt,2014-06-07 01:00:59+03:00, 0, 0, 1, 1
da88bb47911a0e6dd4e0dbe120805ddcda6c1ca0.txt,2014-08-21 23:35:35-07:00, 0, 0, 3, 0
ed01ae9ebf57e34c289a1e6858115cedc561e6ee.txt,2016-02-05 11:34:02-08:00, 0, 0, 8, 0
56865ab2601e0dad761e72cfd16c1e72d70683e1.txt,2013-05-10 16:21:30+01:00, 0, 0, 0, 0
0ccfba939eeaa543670a3151f4b15a7057c5fc02.txt,2014-06-04 19:08:49+01:00, 0, 0, 2, 2
77eaa9b24e99e023784329a5acb45f49aadf1caf.txt,2014-06-02 22:30:01+01:00, 0, 0, 1, 1
eafee1ecb6235f6075ed5cd6b000966f3146d64f.txt,2015-07-14 11:23:49+02:00, 0, 0, 2, 0
ad2e311f2f150cdb533e7b582c777136fed4a060.txt,2013-05-16 12:14:11+01:00, 0, 0, 2, 0
58c8c2ccdcbb77bce6f24dc84bcd5e0b9e30a0ee.txt,2015-01-22 08:41:28-08:00, 0, 0, 3, 0
833b13bbbc6a93747dc5f6f39ffc57dd7d9c7083.txt,2013-04-30 13:46:46+01:00, 0, 0, 3, 0
beef5cfd313dfb3bf37deb02c2f8b2aaffeb3804.txt,2013-12-13 11:10:25+00:00, 0, 0, 1, 1
a4925dabf71134bfb19c266c655940a2ce9d5ad0.txt,2014-08-26 11:33:09-07:00, 0, 0, 3, 0
a973fd41f48fc395692ef34d224065c260cc2e58.txt,2014-11-03 17:20:40-08:00, 0, 0, 1, 1
7e548b5bd454426eae988ed185d25444f5d36bc5.txt,2013-05-03 12:42:50+01:00, 0, 0, 2, 0
2fc2ec457b10b5c09355ab1453b685976d6d8621.txt,2016-03-20 22:34:37+10:00, 0, 0, 3, 0
ef7390d3f0c17950212097a67284a846bf9ce80a.txt,2014-05-30 15:09:48+01:00, 0, 0, 1, 1
21536f64e1f2ababb0e83478b3d961b89956267a.txt,2016-05-06 10:52:26+02:00, 0, 0, 1, 1
dcb17a7cb5a21d831e34dac1341256a6bd124b52.txt,2014-06-09 17:47:24+01:00, 0, 0, 1, 1
30087cf6b93268e2279cc33f2c7fa7b0545332de.txt,2013-05-01 11:17:27+01:00, 0, 0, 1, 0
2b7bf3e73359e0b5d7e31b899f638df2c9d30c43.txt,2014-10-13 11:16:55+01:00, 0, 0, 1, 1
a8bf9d34d586d5defbef5ead09e558b01d0c2702.txt,2015-04-07 17:24:45+01:00, 0, 0, 1, 1
edffabeee431d5c50ceb1e400739b8a7c7098e80.txt,2014-06-18 16:56:35+02:00, 0, 0, 1, 1
0326abfe01903c6d71570ff69c79eaa2a82958c3.txt,2014-09-02 14:27:33-07:00, 0, 0, 3, 0
58d660d10d7abb5fe2ea502b6c538714bede62ea.txt,2014-11-06 19:13:50-08:00, 0, 0, 1, 0
6ab376e2e88ac9f3a4b1aa3c2962cba29d44965b.txt,2015-10-07 23:32:31-07:00, 0, 0, 1, 1
b20d02a31db3670c00bc52f663f63640760df3b0.txt,2014-11-01 17:41:52+00:00, 0, 0, 1, 1
b76a519f654a4c204cadfcaabebf62aee3b951e5.txt,2014-05-22 16:45:14+01:00, 0, 0, 3, 0
1a0902b32a83c1c0a5414871e8cbe263d84c5b4f.txt,2013-05-17 17:31:31+01:00, 0, 0, 1, 0
a158baf50f4bd9db246de71398a7611b1e61a73b.txt,2015-07-13 14:57:58-07:00, 0, 0, 1, 1
4248665fcdb3128c33f6f4cf7ac5626bc7ecab5b.txt,2014-05-01 21:36:44+01:00, 0, 0, 0, 2
cd8c3d7327e409d086d972c6a32ef111d340cdd7.txt,2015-03-08 20:21:13+01:00, 0, 0, 3, 0
c34cfb27a3a235a43f42988b8a6e8e0be5f44ebf.txt,2014-11-19 10:37:49-08:00, 0, 0, 2, 2
99ae6dac5321a741d93ff5187fafb94c295a6928.txt,2016-04-11 18:23:27+02:00, 0, 0, 1, 1
00d594dcda6edbd7086b888e60bd0aa6562ad2e7.txt,2015-06-29 14:50:48+01:00, 0, 0, 0, 2
207347e1508555f0f4e47607b09a64a241120f17.txt,2015-06-01 13:24:18-07:00, 0, 0, 2, 1
e4d594cce5927a73d8dd553c91c51eb67561424e.txt,2013-11-01 11:57:32+00:00, 0, 0, 1, 0
43c07e8b4415ed9c365ba39881c3b265edb23203.txt,2014-11-03 17:43:53-08:00, 0, 0, 1, 0
5ef136511f35c98ecec7479e754bc369ea7b64d4.txt,2014-08-21 23:22:14-07:00, 0, 0, 1, 0
b5c435f8c450cd0a26b86826e802d98c73fd9b42.txt,2015-06-30 18:46:37-07:00, 0, 0, 4, 4
5c6a0fd4720868ab56095fb6bee708ef1f44866e.txt,2013-12-12 17:52:22+01:00, 0, 0, 1, 1
3879afccfb2ceae0fce063ed6334508fe03dda39.txt,2013-10-01 08:30:15-04:00, 0, 0, 1, 1
5fa0166dea726f502a5d0e454dab2d738712de43.txt,2013-08-29 10:38:35+01:00, 0, 0, 1, 1
bcd74bb72d27daf42cc44e8952381f6c6621f468.txt,2014-01-27 14:58:47-08:00, 0, 0, 0, 1
efee06fd9b42c6008b5b2cdd9320625f2e44ca4b.txt,2015-09-03 17:48:43+01:00, 0, 0, 1, 0
53a61474aaf1ab8617cc3e6cef43e87f2599621c.txt,2015-03-30 10:39:41+01:00, 0, 0, 3, 0
6193b640a4ba69ee0ca43faf440a6e34acf3dfaf.txt,2015-09-02 20:17:28-07:00, 0, 0, 1, 1
a94f3a0cbf58e9fa1e02007d96c4f8e6fd1aca7e.txt,2015-10-05 11:41:23+01:00, 0, 0, 1, 1
1466169dc087bbff62124251c4255abde5f8f642.txt,2015-08-20 10:33:04+02:00, 0, 0, 1, 0
c46478f97d4d8261482d013714382edacebead09.txt,2015-01-02 11:27:34-08:00, 0, 0, 1, 1
4ff5afc636c9f5b100eedca2dd114b7dfef4f64a.txt,2016-01-25 14:03:45+01:00, 0, 0, 1, 1
07da03457100cf5a087370fd301638483c054c71.txt,2014-01-19 14:10:56+00:00, 0, 0, 1, 0
923f286ae2d51a8ab540d49b3fa844ad36814065.txt,2013-09-27 09:34:10-04:00, 0, 0, 0, 1
eb3180d581ae372d073c18d6c3d34cc47a2139c8.txt,2016-04-04 15:41:13+01:00, 0, 0, 2, 0
e56be6cf3d329c950bcdd2ec42dbd85dd40bdfa8.txt,2014-09-01 11:06:02-07:00, 0, 0, 1, 1
d17b7c8195477c43ea99b2508d216bb6dc4c6b65.txt,2014-10-28 16:34:57-07:00, 0, 0, 1, 1
bd79ec2362770b99ba3a9d19b2ac97105b63d4b5.txt,2013-05-01 14:01:13+01:00, 0, 0, 1, 1
6631dd025c11117df2323a069c9ba2e78b84b3f7.txt,2014-02-18 17:34:02+00:00, 0, 0, 0, 1
151220f41d1108c9b84f98c6d8eddc710a0d5863.txt,2015-03-17 16:21:23+01:00, 0, 0, 2, 0
e009d3e47db0bb74454c643ecaf8993e102bdada.txt,2013-11-18 17:20:45+01:00, 0, 0, 0, 4
a0c696b17b8729b894e318cd9cdef38ecf167be1.txt,2015-11-05 21:17:55+01:00, 0, 0, 2, 0
761c2dabd19823c3187b42b35a470de6b1e326b6.txt,2013-11-01 17:07:24+00:00, 0, 0, 0, 1
5d7101fb5a2decd408d9b54b0bdafa37f9dfedbe.txt,2013-09-04 10:17:00+01:00, 0, 0, 1, 0
74166e770a494219922cd150bbab10239aa65c51.txt,2014-06-04 09:44:02+01:00, 0, 0, 2, 0
f52d624be507abee55f553117510bd4b2b30b809.txt,2013-07-15 11:16:02+01:00, 0, 0, 1, 1
9059184a6a5c5fd8ced2a08fc15a27fb009bdc33.txt,2016-05-02 14:12:18+02:00, 0, 0, 2, 5
18b8929335b3c14d190610a80bef58b2cf5095ca.txt,2014-09-18 16:10:17+02:00, 0, 0, 6, 3
891dd5a0f6c23d11fb876bcceda79690e7c8efa9.txt,2015-08-03 11:03:32-07:00, 0, 0, 1, 1
ceab9b9b33efe20096c06926fde12851e728a90e.txt,2013-05-09 12:21:47+01:00, 0, 0, 4, 4
fb6b2244707dd5dfad12d62cb6a3c396555270d1.txt,2013-04-24 10:02:07+01:00, 0, 0, 1, 0
4883a5240a6c6b7d4fd0fca33c1611996e0e2fd8.txt,2015-06-04 21:41:10-05:00, 0, 0, 1, 1
735b6277c29c8d70d8369293170b378f163704e0.txt,2015-01-13 15:02:41-08:00, 0, 0, 1, 1
1ff76459db50a96e4451f3f278aec870a8430bc9.txt,2013-08-12 22:17:13-07:00, 0, 0, 2, 2
dac03fdb7b57d83699ce43c1c2a484616b2e8623.txt,2014-05-09 23:43:00+01:00, 0, 0, 2, 2
bd719c1330e2dde9e5465133520873345c1f437d.txt,2013-11-01 17:46:37+00:00, 0, 0, 1, 0
ce3aafa7a9d24a3998c6cb177f11943ee7c95624.txt,2014-05-01 10:05:57+01:00, 0, 0, 1, 0
146a337b539a4df2a2bac79c40cfc6c47b6789b4.txt,2014-05-21 08:27:33+01:00, 0, 0, 1, 0
9c733128ac942ac4675b27d2d358afa941fea5fd.txt,2016-01-20 18:18:38+01:00, 0, 0, 4, 2
217f825d3d83e47076dc29cf1618d497c1ca3f02.txt,2016-01-27 17:11:48+01:00, 0, 0, 2, 2
7454c4866b62006f7536476c65eb22aee9adcc51.txt,2014-05-15 09:15:05+01:00, 0, 0, 3, 2
4c359e1a4dc40beb0914027be189c6abf0192544.txt,2013-07-29 10:56:42+01:00, 0, 0, 0, 0
f7d1aab9f39033a105aa9bbd18ab63a2fbc4fc80.txt,2014-06-03 20:57:57+01:00, 0, 0, 1, 1
5cdaa4391235f13eaf499a8ab59e9bc96a569c29.txt,2013-09-26 10:26:45-04:00, 0, 0, 3, 0
dad0574fd50a658d8af336d73940baa081b04413.txt,2015-08-10 15:57:53+01:00, 0, 0, 1, 0
6b599b8483e2fad1b679d937bf8de6d4eb269462.txt,2013-11-04 17:16:17+01:00, 0, 0, 11, 0
7d846c835aa957a435358eb34679bd77ea8763ba.txt,2014-01-08 14:27:34+00:00, 0, 0, 1, 1
156ef3f1a0978fb19f7f61c46857b26e3e44e97a.txt,2013-11-19 09:16:37+00:00, 0, 0, 1, 1
32dff415c3a189acdf0becce335b7f4d996a9856.txt,2014-06-05 12:52:23+01:00, 0, 0, 1, 1
99940337a9445e16beed92becd2a21656f55bac4.txt,2014-06-01 12:32:46+01:00, 0, 0, 2, 0
bbbb34a6900b0df4751e0e9a2b18f5c0353d6702.txt,2015-03-20 18:06:54+01:00, 0, 0, 7, 0
81cd11b4ecb33cf16d6b7b5a1d6048011f84e9be.txt,2014-07-17 21:11:02+02:00, 0, 0, 2, 2
d1dcb015b67e0f80a0bbb8c32f4867cdd1d5137d.txt,2013-11-27 15:03:58+00:00, 0, 0, 1, 0
cf53b7643043deb0b49d3a43d0a007969748b71e.txt,2013-12-10 17:14:27+00:00, 0, 0, 1, 1
50190a4de7dec55df462fb06c2d888176403d654.txt,2014-04-30 09:49:35+01:00, 0, 0, 2, 0
07b88630f4af7de33be27d3ee0c9bef257233db5.txt,2014-03-03 18:08:38+00:00, 0, 0, 1, 0
0def7644c2eaefc73328f257d5f53bbf615de397.txt,2014-06-03 15:53:46+01:00, 0, 0, 1, 0
7a5248e38c9578bedc254985f3294c2da75e127c.txt,2014-08-25 10:46:49-07:00, 0, 0, 4, 4
98cc68364a89df9b42f54f48337349b287fbe7c5.txt,2016-01-07 18:10:11-05:00, 0, 0, 4, 0
630c1456457f0a108cb243b7e92532e204f9b88e.txt,2014-11-05 13:01:12+01:00, 0, 0, 1, 0
2c81907d588690bb623745c95f577a0c60a156f5.txt,2014-11-26 11:40:31+00:00, 0, 0, 7, 0
ccc5e65779ef935acd2eb0b024dfca0064cade45.txt,2014-10-29 15:25:39+01:00, 0, 0, 3, 0
2104d9a1e2609065502324ba7c42fb02b7957efc.txt,2013-11-29 17:40:14+00:00, 0, 0, 2, 1
0451f16accfff2e57a29dc37c618a5ae917d4f26.txt,2015-04-16 12:47:32-07:00, 0, 0, 0, 7
53078c320e3273bc5ac567dd6d4852962b9111aa.txt,2013-05-14 10:47:14+01:00, 0, 0, 1, 0
af320b49bfc26f994fdf2a004aa663198c100ecc.txt,2015-05-22 16:32:47+01:00, 0, 0, 1, 1
578bd5dc375627365f457aeeefaa293a7f2a3554.txt,2015-04-09 14:26:23+02:00, 0, 0, 3, 0
1a32a6a06b8bf8d8d1c09526449227225076fb97.txt,2014-06-09 15:43:17+03:00, 0, 0, 2, 2
0f820afa86bf4104a3da02706b3afe9fb1b14e44.txt,2016-03-03 14:31:00+01:00, 0, 0, 2, 0
6075682e64ae2cb3b30db04f717358038556d9a3.txt,2016-02-24 17:05:54+00:00, 0, 0, 1, 1
078db8cb74a4c0d24f7b88bd048dedafec848faf.txt,2014-06-21 23:56:59+02:00, 0, 0, 2, 1
bbec4f7cf5f5068de4c890d8e51676f745997e15.txt,2013-10-07 17:25:13-04:00, 0, 0, 2, 2
7e3c158f3a34dceb0c27e844ae6fcfd35747a921.txt,2013-05-31 12:26:30-07:00, 0, 0, 4, 4
78ce06ccc79f062037f87c4b2ceb78f62c6c3e53.txt,2013-11-19 10:27:54+01:00, 0, 0, 3, 0
c6e0c76341817bd678bc7836e2bfea09da238c35.txt,2013-10-02 19:20:23+02:00, 0, 0, 2, 2
d2d71934b6e7d872d61a4066e3fef2de535bb825.txt,2015-07-20 10:04:28-07:00, 0, 0, 1, 1
6741f05af10295048150eeb53fa00355c9036661.txt,2016-02-29 14:00:43+01:00, 0, 0, 1, 2
ed64640ea4df83c98b210cff0bc678d8afd4f3c1.txt,2014-05-01 10:28:35+01:00, 0, 0, 0, 2
cf201ffd80c65f473a5ef0cf716bbf26c0de46b0.txt,2013-05-30 14:15:06+01:00, 0, 0, 1, 0
b45bb6d082b3a18b47eb14ec81350a6d83122566.txt,2015-04-06 21:49:13+09:00, 0, 0, 1, 1
76f1ca4188c192d5cbf65ef441ae0685a5088092.txt,2015-07-30 02:49:50-05:00, 0, 0, 3, 0
aaa2ff54dd09b5df9bb9cb82ccb8c4cbb230b60a.txt,2015-06-02 11:06:50-07:00, 0, 0, 1, 0
81d56355715a58b511257eb79a3059477652138e.txt,2016-03-22 11:42:47-07:00, 0, 0, 2, 0
fcae5a7df80e011c80760db2df496a528d0e4023.txt,2015-04-03 03:52:58-05:00, 0, 0, 1, 1
b906b186556b663a6201914cb965c0e8a47dd276.txt,2016-03-08 14:36:57+01:00, 0, 0, 2, 1
4d608f20e9e966bd1d7848cd2ccb245787eaa1a1.txt,2014-01-29 12:32:09+00:00, 0, 0, 2, 0
bf89c8ee464f588bf6274105e480aca87ff1aaef.txt,2016-04-18 13:35:39+02:00, 0, 0, 0, 1
b665a2bb1d898f251da348beba8b71b3ac34497f.txt,2013-07-26 14:10:38-07:00, 0, 0, 1, 1
9e88dced888b5f176573579a392ff65d94b61b0b.txt,2015-08-12 12:14:12+01:00, 0, 0, 2, 0
5b9d45b231f6c8485ba31d5a19717561c9102c76.txt,2014-08-26 09:14:32-07:00, 0, 0, 1, 1
44b877cd7dce2f1424f9618faa172c82020fa7c8.txt,2014-02-20 09:03:35+00:00, 0, 0, 0, 1
4bb99e80d005e53e2af494bbc7aa0feec9e32583.txt,2013-09-15 12:37:07-07:00, 0, 0, 1, 0
f43d6925c59c5572b0849a9c2a7766b1858bd2c7.txt,2014-11-18 15:51:30+00:00, 0, 0, 1, 0
28d2955d0346a1b349ff9d986b409e7a3c067bb0.txt,2015-06-01 15:08:59+02:00, 0, 0, 1, 1
6dbd6d7c4cd6b13d4cdacb364d4df19307217be8.txt,2013-07-11 18:11:47+01:00, 0, 0, 4, 1
868589366e5428d6ba79ee26be5ef94602e5aa85.txt,2015-08-25 11:16:29-05:00, 0, 0, 0, 1
c4013309013295c45faaf0183e0ad5dd269777d9.txt,2014-12-22 11:06:37+01:00, 0, 0, 3, 0
5c11d273cc534dd64a90d97f671f877ff74bafec.txt,2013-07-18 11:28:02-07:00, 0, 0, 0, 3
63a2d06767f671a1ea3202942f12ab41190dfc45.txt,2013-10-31 18:46:39+00:00, 0, 0, 1, 0
3d8db7cddb49ad6ca100ff46c1c5b883485c4342.txt,2015-06-01 13:23:05-07:00, 0, 0, 3, 0
09200361defde95ec48bd9169ab5db7590c9440b.txt,2014-06-06 16:10:56+01:00, 0, 0, 2, 1
a7ea0f643a203eb15174a2ab7ea2beccd8d92328.txt,2013-06-07 07:29:54+01:00, 0, 0, 1, 1
47cd9e0765ab41320d7e57e1c3e3855e47278bcd.txt,2014-11-04 15:42:30+01:00, 0, 0, 2, 0
e90c8548a21644738d9195636d16037b048ba3e2.txt,2014-10-06 11:21:26+01:00, 0, 0, 1, 1
740c132c23b280995733eadbe73ae56b4f2d5fc1.txt,2014-06-03 10:32:31+01:00, 0, 0, 1, 1
7800ebbdc7ab36771ae762a29627e7da69ca1af5.txt,2013-05-09 09:41:24+01:00, 0, 0, 2, 2
bd26b28aa5110dd67ce2b5b5567aa14b42664e57.txt,2013-11-20 17:54:59+00:00, 0, 0, 4, 5
3e5e058b02f1147b29546bc0f4e71ae7a6ba1d48.txt,2013-11-28 14:20:45+00:00, 0, 0, 2, 1
127328a83366b6bb3d88721eae757e171a694445.txt,2014-05-08 12:37:37+02:00, 0, 0, 7, 0
bbc91cc03f5df31c1985811d07abe4f9a906355e.txt,2016-03-22 12:04:49-07:00, 0, 0, 6, 0
e4895f8fdeca321769b52e0d4359f246b80475c1.txt,2015-10-14 12:06:10+01:00, 0, 0, 1, 0
c2c81441174666c69dbc9e63c9700f66fa07aa5c.txt,2013-08-05 17:50:24+01:00, 0, 0, 1, 0
5776d6a8d71feb2cdfd706262f8eb3c8e0a766a6.txt,2015-10-14 14:04:47-05:00, 0, 0, 1, 0
b875a00ebd15fbfcd9e72bffc9ca75f0c635da24.txt,2015-01-13 17:26:47+00:00, 0, 0, 1, 0
b02be6e6ec761d17deebbb5733505bbd20b68d62.txt,2013-07-17 12:00:58+01:00, 0, 0, 0, 2
c71322a0b233f3d079390cbcadc4c9e56534046a.txt,2014-01-06 09:47:53+00:00, 0, 0, 1, 1
1e464da2480568014a87dd0bac6febe63a76c889.txt,2015-06-30 09:01:35+01:00, 0, 0, 1, 0
20091b75c9a2e855a0325abc5df890805865d4e2.txt,2015-07-06 12:21:34+01:00, 0, 0, 1, 1
0d53b9d9fa6f1b1d0d038e73f19ccc312e5ce9d7.txt,2014-04-02 22:16:12-07:00, 0, 0, 3, 0
cf23b519d296a588610681e6a4be8eb042039107.txt,2014-02-24 13:43:54-08:00, 0, 0, 1, 1
04b7b9b2ca06df20926b3a8454579be3ca410a01.txt,2013-11-25 16:07:58+01:00, 0, 0, 1, 3
0f17142366c6bf9e8bc20b261b24caa210107108.txt,2014-10-30 15:18:39+00:00, 0, 0, 1, 1
f05769dcc5e8e6a68d331ff79b155bc3741a5ed7.txt,2015-01-04 01:58:40+01:00, 0, 0, 3, 0
3b99ba9d61b207679f8c31616c79d7b01b7e5a84.txt,2015-03-31 11:26:25+02:00, 0, 0, 1, 1
b0b7bc0e7f1db35ad55afa09004dcccb8b1fb18b.txt,2014-02-26 18:15:05+00:00, 0, 0, 3, 1
9bb6e0f497d8760e31607fb0c199c3bb5679a3b4.txt,2013-09-26 12:08:11-04:00, 0, 0, 4, 4
68b55adac044e2f21a13a46315bdcf13013ede61.txt,2015-08-21 15:44:01+01:00, 0, 0, 1, 1
da2e25f90d5a0a7c3f51caba51e76b4a83a8738e.txt,2014-05-15 12:33:05+01:00, 0, 0, 5, 0
2de48a35ab56022aa29b042fd5baea207a9580b3.txt,2015-11-27 14:38:32+00:00, 0, 0, 0, 2
fe1336edcc3a6c3e5da6896d52976f5b201d2e4e.txt,2013-12-26 14:22:54+00:00, 0, 0, 6, 4
361f500ed5d31ffb0abe5252e7bf7c3daf323dbb.txt,2013-04-30 10:17:39+01:00, 0, 0, 2, 0
091478e0fd933348f529678dc21215e1f5e9dfed.txt,2015-11-26 16:15:29+01:00, 0, 0, 1, 1
0cdb1d3f22307b84887797a0f059ee0c9357716e.txt,2014-10-30 13:29:27+00:00, 0, 0, 1, 0
5a69bb92677e7ccfa250a8a6edd951a8961c6137.txt,2014-05-28 14:41:34+02:00, 0, 0, 7, 0
9f52a0dbd7b94a8af497254f1a5b23382d69a385.txt,2014-05-22 16:52:27-05:00, 0, 0, 4, 0
504d96eb51e3df5c191ad126e0bb6c7578bac8c1.txt,2013-05-02 15:33:35+01:00, 0, 0, 2, 0
d5ad502d31335b0146e78f3380c4208a82ee360b.txt,2014-11-24 10:45:34+00:00, 0, 0, 1, 1
56b8faf31badd96f9c2d15fbc943f7b04b4fe20d.txt,2014-05-08 11:34:43+02:00, 0, 0, 1, 0
7f2be6ce270a038da43bf6c1d902e23787f13109.txt,2015-09-21 16:48:50+01:00, 0, 0, 3, 0
f9816ead93f45a1932713f03ba0edde497a8a3cd.txt,2015-02-09 23:08:11-06:00, 0, 0, 1, 0
c83400d265962b871c8122809fe58c22ba123aed.txt,2013-07-31 12:58:47-07:00, 0, 0, 0, 1
5b1503d07de339e726134ee3d5ec73ac23064e9e.txt,2013-09-19 10:27:54+01:00, 0, 0, 0, 2
7525eb31f1669fed60dfacb5715f59cc29c98b50.txt,2013-08-09 12:34:14-07:00, 0, 0, 1, 1
d8c5c3262afaf144452aeae10a4481875c1a982a.txt,2014-11-11 14:07:03-08:00, 0, 0, 5, 0
96a031cf20bf8bb2ea47edf6e60503003fe5f3a7.txt,2014-11-06 20:55:04-08:00, 0, 0, 1, 1
f7cffce695100864ed0ab2376df68da5d96d2f32.txt,2014-09-03 18:35:45-07:00, 0, 0, 2, 0
0be00e2a6d1575e33e9486a3f2118c8a870298a7.txt,2016-04-05 19:36:42+10:00, 0, 0, 0, 1
e17eab6430469bbf8aa1a97846864b214da6b9c0.txt,2015-10-06 09:31:47+01:00, 0, 0, 1, 0
f2ce59c403fd4f2ff20ce7b3ef80176ab5491781.txt,2015-09-21 15:04:22-07:00, 0, 0, 1, 2
dbec81cabef911ab56a2a233cc5e6d70e73f701b.txt,2013-12-18 22:32:39-08:00, 0, 0, 1, 1
e011312c68ef43e615e475874b8cd4ded3b32a04.txt,2013-05-30 15:37:49+01:00, 0, 0, 0, 3
65d6757a10ad03e6e6704f6440342f79ea3945ae.txt,2013-12-26 15:07:42+01:00, 0, 0, 0, 1
2377bd9ec940d139e2ea1084f068cc9080fd0e22.txt,2014-01-09 17:50:03+00:00, 0, 0, 1, 2
f7d4490b2d94a64fde1595f2378452fe5a20953d.txt,2014-02-03 17:21:00-08:00, 0, 0, 1, 1
5127614d59c645f63d535368578f7200b4a703f7.txt,2014-05-02 12:25:30+01:00, 0, 0, 3, 3
521174754e57106af154df4de1c77e1d3c14d1dc.txt,2013-08-07 10:10:22+01:00, 0, 0, 1, 0
308a5eaff5d3d2ee53b18d456dea7b3d36429bc6.txt,2015-01-06 20:10:48+01:00, 0, 0, 1, 0
7e3cb50a22eb0e782226d831ec09c223f757f72c.txt,2013-08-20 10:12:52-07:00, 0, 0, 3, 3
912d5cf40b19b9744758b3eb9b72515b563eeff4.txt,2014-07-31 11:34:10-07:00, 1, 0, 3, 0
cb7cc3991baa2685825966dc0278685b4bc46d0b.txt,2013-08-27 00:17:41-07:00, 0, 0, 1, 0
1f66277fd683ab84e786c85edd57c09e92ef489c.txt,2014-12-05 15:11:50-08:00, 0, 0, 1, 0
34a32991fa19ba65127d41389216f9e1abab5641.txt,2014-06-18 16:30:39-07:00, 0, 0, 1, 1
aa30fdba187baa4c28e59311bc743859bd7da95c.txt,2014-06-09 10:21:49+01:00, 0, 0, 1, 0
cf05a5d57824a0ce00839be6b7eab3e89b3d6bd1.txt,2013-12-11 13:54:35+00:00, 0, 0, 2, 1
e695b4a6eac9ff391d68b2efddef1af19b154040.txt,2013-07-24 16:58:50-07:00, 0, 0, 0, 2
2a5a32b6038355ac2669f8a73c9b3413176a17f9.txt,2015-08-04 11:33:16+01:00, 0, 0, 6, 0
d2f11c465e50f90a87678476e14bdec04a00afb2.txt,2015-06-04 00:51:20-07:00, 0, 0, 1, 1
2729c747ca715b5b4ebdb39afba37fa8044d86dd.txt,2015-01-09 13:50:39+00:00, 0, 0, 5, 0
bfee98e1f3afb8b68e2654d32726f6ce90bbcacd.txt,2015-03-10 13:31:35+01:00, 0, 0, 3, 0
95109381203944c6b15bc74fe7952fb116ce08fc.txt,2015-12-30 18:00:49+00:00, 0, 0, 1, 1
1bd65c7487765babf5488fde6beac26c079f6edf.txt,2013-11-01 16:27:47+00:00, 0, 0, 1, 0
caf11e4445a1be002fed1ef6eb684dbb8f9b47ce.txt,2016-03-17 11:44:56+01:00, 0, 0, 4, 0
8b20403c410bdd2c313f0cc0fde981b0490e8d51.txt,2015-03-18 11:13:46+00:00, 0, 0, 1, 1
76ac781a65bc3d60dfe838f8cbf30eb5810f6e3b.txt,2015-05-04 06:25:32-05:00, 0, 0, 3, 0
dd69d0f660c2d1d5c551c9476e4e6f8702657e68.txt,2013-06-12 12:33:19-07:00, 0, 0, 3, 0
09a29a72079c5f4cc903c1c1c988363b1a9c64fb.txt,2015-06-03 18:46:12-07:00, 0, 0, 5, 5
bb92387928afbab325abd5e71e2ae5e2c6723643.txt,2015-08-27 17:42:02+01:00, 0, 0, 1, 1
77e350acc05bb3e4f127c513232eac3f55d9300c.txt,2016-01-18 15:35:38+00:00, 0, 0, 1, 1
5009933788f5f8c687719de6a697074ff80b1b69.txt,2016-03-04 10:49:17+00:00, 0, 0, 2, 2
6c22e0ab6e397d6158d1e29c2c91c2227ebc3d47.txt,2013-05-30 14:20:24+01:00, 0, 0, 1, 0
b20262c1a712c2defb4cc7bd30368a6b8c394ab6.txt,2014-04-28 12:21:58+01:00, 0, 0, 0, 2
212520fa15f71a65c80b3c3cef928e01438a20f4.txt,2015-04-07 11:24:24+01:00, 0, 0, 1, 0
247685e9923093a22d53d03730cd365c7d9994ab.txt,2016-04-26 08:29:20+02:00, 0, 0, 1, 1
0bb4de490d80cb305bdfdd55e6ae88a37e096ada.txt,2015-12-11 11:03:52+00:00, 0, 0, 1, 1
80d55c47200642044c44705f930798915b1cf742.txt,2014-12-17 17:09:57+00:00, 0, 0, 1, 1
157c0b6caeffbe6daf06d909b1cf99c12adbed5d.txt,2015-11-06 12:01:59+01:00, 0, 0, 4, 0
b7c0e3279e8f6cf539601a18f9b86b2a72db8cdc.txt,2013-05-23 18:36:23+01:00, 0, 0, 1, 1
46c46dbd0c60e91f7648f005741c27e1d76fe705.txt,2014-06-18 13:34:53-07:00, 0, 0, 3, 2
43f8a71af41a22e52ab3e14dd34b819fce844f6f.txt,2013-10-16 13:43:59-04:00, 0, 0, 3, 1
e2862390ee97c49243ae3deb26000065c53a1a1a.txt,2015-09-03 17:36:06+01:00, 0, 0, 1, 0
a49901f0dcc96e153114de99cd43a27ed986de12.txt,2015-05-29 14:25:12+01:00, 0, 0, 1, 1
64a5cad09a7a37514d4290bf567539a7e1d7c80b.txt,2016-02-16 11:34:19+01:00, 0, 0, 3, 1
373e2c51564a4c2cca306394ba52e5bcde839cfd.txt,2014-03-22 14:44:30+00:00, 0, 0, 1, 0
8219f2be4c0607fcace370c1de685f953dcecb4b.txt,2014-08-22 12:10:58-07:00, 0, 0, 3, 0
7f1264bb65bf2b5285fe81b20006b36b226b0426.txt,2013-12-18 12:44:54+00:00, 0, 0, 4, 0
3e97cdbc3bf1f462c8ed84dcde3a735aa99a2d2e.txt,2014-11-03 09:55:52+00:00, 0, 0, 2, 7
2852f7422e765f942737906c82c740543cd2e549.txt,2014-06-08 23:22:44-07:00, 0, 0, 1, 1
315213ea4e2fb3b4dd42c056b0a0da5f05d9f01a.txt,2014-10-03 10:37:02+02:00, 0, 0, 3, 0
5548b24c4cd7e4c6054af4326d7f6622271bbe74.txt,2014-05-01 19:37:25+01:00, 0, 0, 2, 0
dddea7098551f4490f300a443dcea715ac2eefb4.txt,2016-03-04 13:25:23+01:00, 0, 0, 2, 0
fc841e0269af70293400b51499d256814694eabf.txt,2013-08-15 19:59:05-07:00, 0, 0, 3, 3
2d243f0668939c401654221ad6392f7f6301272c.txt,2016-05-02 16:40:58-07:00, 0, 0, 1, 1
11b7fd832d15856244bcaf3b1ec031e9eb1b6dc6.txt,2015-01-14 18:04:58+00:00, 0, 0, 2, 0
9153ca95269bd1e3e97b49562343b380bece1451.txt,2016-04-21 15:28:14+01:00, 0, 0, 2, 0
0c2bc99af373ab9b03ab15b3bb58c57b0c3b56b7.txt,2014-05-22 12:18:30+02:00, 0, 0, 2, 0
48959f25533bf59c2511165d4c801b8716da7467.txt,2015-03-27 15:29:10-07:00, 0, 0, 3, 0
726991c14442c70b6eb44e6ce8c2233fc7a6e850.txt,2014-06-04 20:15:35+02:00, 0, 0, 1, 1
5801e422cf6d011a405ca174cbe3b704637bb395.txt,2013-09-16 10:11:56-05:00, 0, 0, 4, 0
c6b4c48181d1e27ff9fa4224c63c77b22dbff0da.txt,2013-05-21 09:37:07+01:00, 0, 0, 2, 0
fa507005cdf5981499a85ebcd83678d697094cea.txt,2013-12-19 14:27:36+00:00, 0, 0, 0, 2
9af8fdb8a1564c37ac8d2b088845bc81cc7c3c78.txt,2014-09-28 21:11:57+02:00, 0, 0, 1, 0
b45683f10354ff92c21402e28981606ca99aa0d8.txt,2014-01-15 10:48:26+00:00, 0, 0, 1, 1
2dc296caa9bccb3bd64807b843e578b6cee18c3e.txt,2013-05-17 11:57:02+01:00, 0, 0, 2, 0
270d5e3205fe178fa7f9e0ddb29c5c5f92015417.txt,2015-05-11 12:43:41+01:00, 0, 0, 2, 2
69ea4beb8a08f2232bfbe891bc5c76bca26a2bef.txt,2015-01-15 15:00:15+00:00, 0, 0, 1, 0
2b57c5a4dd639c83570f72e50bf47a7d3c5b171e.txt,2014-11-20 14:57:49-08:00, 0, 0, 1, 1
5925e153b479957a7a6690539e4fa49d2319d65a.txt,2013-09-20 10:27:42+01:00, 0, 0, 1, 1
a2adc5a1304f2eb24127bf60e6ad7dd50643fc7c.txt,2016-01-18 14:56:27+01:00, 0, 0, 10, 0
5501adc862fdee48f6322a579f98427d4b1431ac.txt,2013-05-01 09:14:01+01:00, 0, 0, 1, 0
cbd3c39640a201fb816b035537432ec4eaacbda1.txt,2014-11-04 13:12:19+01:00, 0, 0, 2, 0
71cd1926b9a799fae83e99c7cf7c95749136be1e.txt,2013-11-20 08:58:45+00:00, 0, 0, 1, 1
b1ad2c30eb2d88a2bdf6f5486b10c7f17fdf7f8e.txt,2015-05-11 14:56:42+01:00, 0, 0, 2, 0
51f240c1d56e173ce2153cb26a29f2738045ec26.txt,2013-11-06 12:45:49+00:00, 0, 0, 2, 0
fcea5654334001cb5faadfee3a7b8986f6e215ee.txt,2014-03-14 16:48:09-07:00, 0, 0, 5, 5
2fe256a8aab135a3548de1482d34aa727dbcea5b.txt,2014-05-01 21:21:00+01:00, 0, 0, 2, 2
d8247657a08a33741fe8de109684c0cf3da53dc3.txt,2015-11-08 23:26:50+09:00, 0, 0, 4, 0
2d058570ca9834b24b43e3d6387ef5aa5264d0e4.txt,2013-11-22 18:05:27+01:00, 0, 0, 7, 0
3ba5f56808c75643fbf81a7aa6879481bccca23b.txt,2013-05-29 15:59:59+01:00, 0, 0, 3, 0
b3ce079ea1455e50c5ced49e10954964150b18f5.txt,2014-08-26 13:11:47-07:00, 0, 0, 1, 1
71946f9d83bea2eae1197629c7cc7ca8f0c72435.txt,2013-08-20 10:17:09-07:00, 0, 0, 1, 1
e41d42171bfb9cdb1c3edbb119f6e155b08c1618.txt,2016-03-09 16:47:30+01:00, 0, 0, 2, 2
f2b2c085e9f0253bb3d9721172463ac620f2d2c3.txt,2014-11-25 22:28:50+01:00, 0, 0, 1, 0
d205d9404af309af2ae60f1838dda97030b3ee6b.txt,2013-08-19 14:10:57+01:00, 0, 0, 2, 0
3bf6c2fe1f6117ae1dbe8e51f78faaa8fefe0991.txt,2015-11-21 18:53:10+11:00, 0, 0, 3, 1
683ddbf5255c4bc2cf6153d20d867a8baca6de2b.txt,2013-07-24 14:56:30+01:00, 0, 0, 2, 0
799f9edb0b58c4de3f01805eb9c84af203eea4b9.txt,2014-05-01 22:21:35+01:00, 0, 0, 2, 0
571a82fe9016a0d5bea13814927bfec0b6f237a1.txt,2014-06-16 18:19:51+01:00, 0, 0, 4, 4
b79934a7a49b2265f4625898b43695fbd89992cb.txt,2014-11-10 17:21:21-08:00, 0, 0, 1, 1
eba5b7491049c40e4691c8446667e7fafe1dbfb7.txt,2013-07-15 17:22:10+01:00, 0, 0, 2, 2
e3a53cb087603bf7a85fff5f0857a90fed23cbdd.txt,2015-05-14 15:23:21+01:00, 0, 0, 1, 1
499f54893b88f32bfe59f951de647200f4285e2d.txt,2014-03-31 09:21:07+01:00, 0, 0, 3, 0
7c91176186d0d19a48eb36cfbeaee7ee598ff583.txt,2014-04-29 17:46:55+01:00, 0, 0, 5, 0
3b78aa9493eca33301191401add548645c6f003f.txt,2014-12-02 11:18:23+00:00, 0, 0, 1, 1
b69455648358d54cefbc0000fb9d138f584128c0.txt,2013-12-19 08:47:22+01:00, 0, 0, 1, 1
de007840a8908f3089f0644ef0a6e93c8a7e56fc.txt,2016-01-26 22:29:30+09:00, 0, 0, 2, 0
7546f10aad26d5f95c7533eb4a4b894b9a90ed14.txt,2014-10-27 14:39:24+01:00, 0, 0, 1, 1
7fd26a556d31d3a24f789b1e19f126ecba147d13.txt,2014-05-28 17:22:47+01:00, 0, 0, 1, 1
230048ae8b49442cdaa1d3ea6f1034ce518995af.txt,2015-02-05 10:47:38+00:00, 0, 0, 7, 0
204cb6f195ce5d6779ab63887252f2d1a69aa6f9.txt,2015-09-29 16:34:51+01:00, 0, 0, 4, 0
82320b3525c5f5686a50da62f4ecb8629296343e.txt,2013-08-09 12:35:09-07:00, 0, 0, 1, 1
db41fb16c07cb76d076e46ec1ad62ec45aa124f5.txt,2015-09-02 21:39:59-07:00, 0, 0, 1, 1
8859824efc73bcee02cbe7c9d474912b208819ae.txt,2015-06-14 11:12:32-05:00, 0, 0, 3, 0
6ad7257baf3077d4de47c4aa009769e25d1637af.txt,2014-04-16 10:15:15-05:00, 0, 0, 2, 0
3995c16ba60bbeb1933c2233ffcab368655fb3c2.txt,2015-07-06 18:39:20-05:00, 0, 0, 6, 0
2378fe0900757dae1a8557ac5caa15054774fa3d.txt,2014-05-07 17:34:24+01:00, 0, 0, 7, 0
c55900b43398764d924a485b1244bfba8444eab9.txt,2015-09-24 15:50:40+01:00, 0, 0, 1, 0
c79ecc29c68c86dcfba65aaf31ed710db92dea4b.txt,2016-04-11 11:51:09-07:00, 0, 0, 2, 0
38f0cf1ed2d53d6772e3dbe352e581962f9bad9c.txt,2013-04-24 16:09:17+01:00, 0, 0, 1, 1
6f98c63ac03299f7ee873b3b21f7591ea9aff0ea.txt,2014-06-06 12:17:06+02:00, 0, 0, 7, 0
efff4a005194298525fe4f8eafc5168a2304611f.txt,2015-11-19 21:39:27+09:00, 0, 0, 2, 2
3f498a480308352a7b0389250158ec58ec39dee9.txt,2014-05-19 15:54:22+02:00, 0, 0, 4, 0
7942d9f78765d57097ce4cf36c49feced3525a2b.txt,2016-03-21 18:32:16-07:00, 0, 0, 1, 1
32818515b7b18840aad69985a0fe81d8cd649138.txt,2013-12-18 19:02:49+01:00, 0, 0, 1, 0
983484f4293040c428b529a5630930afe73683d3.txt,2015-06-04 12:31:49-07:00, 0, 0, 3, 3
2d1f758fd86112bab1bd98d1c562be06d16503fe.txt,2013-07-25 10:09:11+01:00, 0, 0, 1, 1
e433eb20a6135f8f53be461badd22c68d13cd080.txt,2014-04-28 10:50:43+01:00, 0, 0, 2, 3
18ee229748422bfc23c357ebe9db25831bc6c4d8.txt,2013-10-24 12:21:02-04:00, 0, 0, 1, 0
cc0fc07c0ec4ea6034458dd9b2e748d56054f391.txt,2016-04-15 18:10:58+02:00, 0, 0, 1, 1
5ceb35473d656e086aa13fbc433df003377a4819.txt,2015-05-18 11:21:33+01:00, 0, 0, 4, 0
ada3e1eca22187392f70586be0387a5cf09f1c7a.txt,2015-06-01 13:23:29-07:00, 0, 0, 3, 0
0658cc8aee30d5e6bb7bc55f760e4e3e02897e5b.txt,2015-09-02 08:57:37+02:00, 0, 0, 3, 0
e4342075ab912ce3a51ccf19edc42e341368dccd.txt,2015-12-04 11:58:40+00:00, 0, 0, 1, 0
